age,gender,cp,trestbps,chol,fbs,restecg,thalach,exang,oldpeak,slope,ca,thal,prediction,probability_yes,api_timestamp
74.0,0.0,2.0,99.0,163.0,1.0,2.0,184.0,0.0,4.7,1.0,0.0,0.0,yes,0.8882887527377623,2026-09-06T10:15:19.539515+00:00
31.0,1.0,3.0,103.0,557.0,1.0,0.0,174.0,1.0,0.7,2.0,1.0,1.0,yes,0.9218433796849563,2026-09-06T10:15:19.600921+00:00
57.0,1.0,1.0,134.0,188.0,1.0,2.0,98.0,1.0,5.1,0.0,0.0,1.0,no,0.11849404692909872,2026-09-06T10:15:19.661230+00:00
63.0,0.0,1.0,199.0,140.0,1.0,0.0,116.0,1.0,1.0,2.0,2.0,3.0,no,0.06299050512453411,2026-09-06T10:15:19.721351+00:00
67.0,0.0,2.0,162.0,187.0,0.0,0.0,92.0,1.0,3.3,0.0,3.0,0.0,no,0.046687985343518375,2026-09-06T10:15:19.781687+00:00
46.0,0.0,1.0,181.0,506.0,0.0,0.0,91.0,1.0,2.4,2.0,0.0,1.0,no,0.09539834086120076,2026-09-06T10:15:19.843226+00:00
48.0,1.0,2.0,198.0,487.0,1.0,0.0,181.0,1.0,1.5,1.0,2.0,3.0,no,0.21856292248318832,2026-09-06T10:15:19.903863+00:00
71.0,0.0,2.0,115.0,207.0,0.0,1.0,102.0,0.0,4.0,0.0,0.0,3.0,no,0.1791418320848371,2026-09-06T10:15:19.965295+00:00
51.0,1.0,2.0,183.0,163.0,0.0,2.0,185.0,1.0,0.2,1.0,0.0,3.0,yes,0.8357743062252592,2026-09-06T10:15:20.026262+00:00
62.0,1.0,1.0,144.0,348.0,1.0,2.0,140.0,0.0,4.7,2.0,0.0,1.0,no,0.44763973308784266,2026-09-06T10:15:20.086361+00:00
61.0,0.0,1.0,130.0,529.0,1.0,2.0,124.0,1.0,3.3,0.0,0.0,3.0,no,0.0868699294480285,2026-09-06T10:15:20.146585+00:00
76.0,0.0,3.0,138.0,132.0,0.0,0.0,91.0,1.0,5.4,0.0,1.0,3.0,no,0.03456908334260198,2026-09-06T10:15:20.206957+00:00
38.0,1.0,2.0,186.0,482.0,0.0,1.0,105.0,1.0,3.2,1.0,2.0,2.0,no,0.04476098698978053,2026-09-06T10:15:20.340583+00:00
61.0,0.0,3.0,193.0,197.0,1.0,2.0,93.0,0.0,0.2,1.0,1.0,1.0,yes,0.6019756701693193,2026-09-06T10:15:20.399897+00:00
75.0,1.0,2.0,177.0,459.0,1.0,0.0,94.0,0.0,0.9,0.0,0.0,1.0,no,0.4573945084354864,2026-09-06T10:15:20.460475+00:00
61.0,1.0,2.0,175.0,367.0,1.0,0.0,164.0,0.0,4.9,2.0,1.0,3.0,no,0.1864237392487213,2026-09-06T10:15:20.520974+00:00
76.0,1.0,3.0,197.0,460.0,1.0,0.0,144.0,1.0,3.1,2.0,0.0,2.0,no,0.4165541827044927,2026-09-06T10:15:20.581155+00:00
54.0,1.0,1.0,155.0,350.0,1.0,2.0,139.0,1.0,2.7,0.0,3.0,3.0,no,0.044463086782488524,2026-09-06T10:15:20.642310+00:00
48.0,0.0,1.0,198.0,177.0,0.0,1.0,197.0,1.0,2.0,2.0,2.0,1.0,no,0.4069364366327167,2026-09-06T10:15:20.702678+00:00
43.0,1.0,2.0,108.0,479.0,0.0,2.0,195.0,0.0,1.8,0.0,2.0,2.0,yes,0.769062862536433,2026-09-06T10:15:20.762629+00:00
65.0,0.0,3.0,172.0,385.0,0.0,2.0,122.0,0.0,6.0,2.0,1.0,2.0,no,0.11636028136811477,2026-09-06T10:15:20.821921+00:00
61.0,1.0,3.0,117.0,254.0,1.0,2.0,152.0,1.0,2.7,1.0,1.0,3.0,yes,0.6134967738464637,2026-09-06T10:15:20.883008+00:00
45.0,0.0,2.0,156.0,230.0,1.0,0.0,170.0,1.0,5.5,1.0,3.0,2.0,no,0.043142650806215696,2026-09-06T10:15:20.942887+00:00
33.0,0.0,0.0,122.0,252.0,1.0,1.0,111.0,0.0,4.0,2.0,2.0,0.0,no,0.11962262265018235,2026-09-06T10:15:21.003856+00:00
32.0,1.0,0.0,174.0,252.0,1.0,1.0,130.0,1.0,5.3,1.0,3.0,1.0,no,0.013289895104714471,2026-09-06T10:15:21.063154+00:00
31.0,1.0,3.0,118.0,459.0,1.0,1.0,147.0,1.0,5.3,0.0,0.0,2.0,no,0.3223877165147662,2026-09-06T10:15:21.123350+00:00
49.0,0.0,2.0,109.0,220.0,1.0,2.0,189.0,1.0,5.9,1.0,0.0,2.0,no,0.45701145743515875,2026-09-06T10:15:21.183203+00:00
68.0,1.0,3.0,143.0,291.0,1.0,0.0,165.0,1.0,4.3,0.0,2.0,2.0,no,0.24808034294191386,2026-09-06T10:15:21.242888+00:00
31.0,1.0,1.0,174.0,239.0,0.0,2.0,197.0,0.0,5.0,0.0,3.0,0.0,no,0.23844913209280655,2026-09-06T10:15:21.301969+00:00
49.0,1.0,2.0,178.0,178.0,0.0,2.0,109.0,1.0,4.5,2.0,1.0,3.0,no,0.07545953770342814,2026-09-06T10:15:21.362556+00:00
76.0,0.0,2.0,184.0,465.0,0.0,0.0,192.0,0.0,3.8,1.0,0.0,3.0,no,0.3426995379315503,2026-09-06T10:15:21.422683+00:00
77.0,1.0,3.0,98.0,384.0,1.0,1.0,71.0,0.0,4.4,1.0,3.0,1.0,no,0.12728021838635606,2026-09-06T10:15:21.482081+00:00
36.0,1.0,3.0,115.0,350.0,1.0,0.0,193.0,0.0,4.4,2.0,3.0,1.0,yes,0.6443561895488679,2026-09-06T10:15:21.542666+00:00
70.0,1.0,1.0,126.0,140.0,1.0,1.0,90.0,1.0,0.3,0.0,3.0,1.0,no,0.19505383601084197,2026-09-06T10:15:21.602963+00:00
64.0,1.0,3.0,133.0,128.0,1.0,2.0,181.0,0.0,3.2,2.0,3.0,2.0,yes,0.7199345584586753,2026-09-06T10:15:21.663280+00:00
57.0,0.0,1.0,95.0,473.0,0.0,0.0,186.0,1.0,4.9,2.0,0.0,1.0,no,0.48117486943603394,2026-09-06T10:15:21.723221+00:00
67.0,0.0,2.0,192.0,492.0,0.0,1.0,164.0,1.0,1.5,1.0,2.0,2.0,no,0.20714281199321546,2026-09-06T10:15:21.783835+00:00
62.0,1.0,3.0,200.0,364.0,0.0,0.0,190.0,0.0,2.9,0.0,1.0,1.0,yes,0.6858148293370339,2026-09-06T10:15:21.844158+00:00
50.0,1.0,3.0,176.0,286.0,1.0,0.0,183.0,1.0,2.7,0.0,3.0,3.0,no,0.19027109814568405,2026-09-06T10:15:21.904445+00:00
59.0,0.0,3.0,197.0,503.0,1.0,1.0,73.0,1.0,2.5,0.0,0.0,3.0,no,0.04712515167379531,2026-09-06T10:15:21.964749+00:00
56.0,0.0,2.0,184.0,414.0,0.0,1.0,140.0,1.0,0.8,2.0,1.0,1.0,no,0.4869388798056033,2026-09-06T10:15:22.025042+00:00
63.0,1.0,1.0,197.0,540.0,1.0,2.0,135.0,1.0,3.3,2.0,1.0,1.0,no,0.14909173263589656,2026-09-06T10:15:22.085372+00:00
62.0,0.0,3.0,129.0,385.0,1.0,0.0,153.0,1.0,2.8,2.0,1.0,0.0,yes,0.7226168131824499,2026-09-06T10:15:22.145643+00:00
41.0,0.0,2.0,152.0,349.0,0.0,1.0,108.0,0.0,4.1,2.0,0.0,0.0,no,0.4094137387212684,2026-09-06T10:15:22.205268+00:00
69.0,0.0,0.0,132.0,359.0,0.0,1.0,98.0,1.0,3.4,0.0,1.0,1.0,no,0.04323278478641771,2026-09-06T10:15:22.265792+00:00
32.0,1.0,0.0,95.0,345.0,1.0,1.0,117.0,0.0,0.2,1.0,3.0,1.0,no,0.36308921163481017,2026-09-06T10:15:22.325864+00:00
71.0,0.0,3.0,198.0,373.0,1.0,0.0,80.0,0.0,0.2,0.0,3.0,1.0,no,0.13222024898112572,2026-09-06T10:15:22.385540+00:00
34.0,1.0,3.0,146.0,461.0,1.0,1.0,158.0,1.0,4.3,0.0,0.0,1.0,yes,0.5210599566622103,2026-09-06T10:15:22.445955+00:00
29.0,1.0,0.0,111.0,494.0,1.0,0.0,156.0,0.0,4.4,0.0,2.0,2.0,no,0.07226324165567491,2026-09-06T10:15:22.506987+00:00
40.0,0.0,0.0,139.0,232.0,1.0,1.0,104.0,1.0,6.0,0.0,0.0,0.0,no,0.03815162450284963,2026-09-06T10:15:22.568179+00:00
63.0,0.0,1.0,116.0,345.0,0.0,1.0,182.0,1.0,5.4,2.0,0.0,1.0,no,0.4159063722185004,2026-09-06T10:15:22.629200+00:00
39.0,0.0,0.0,147.0,460.0,0.0,0.0,155.0,1.0,2.9,0.0,2.0,3.0,no,0.024617267768577113,2026-09-06T10:15:22.690321+00:00
51.0,1.0,0.0,183.0,237.0,1.0,2.0,73.0,1.0,3.9,0.0,0.0,0.0,no,0.054199469195805455,2026-09-06T10:15:22.750812+00:00
42.0,0.0,0.0,168.0,147.0,0.0,0.0,78.0,0.0,2.8,1.0,3.0,2.0,no,0.011008246196097375,2026-09-06T10:15:22.811033+00:00
47.0,0.0,1.0,94.0,284.0,0.0,2.0,121.0,1.0,1.4,0.0,3.0,3.0,no,0.08840574894756292,2026-09-06T10:15:22.871756+00:00
65.0,1.0,2.0,129.0,313.0,0.0,2.0,92.0,1.0,2.3,1.0,0.0,0.0,yes,0.612902936227547,2026-09-06T10:15:22.932792+00:00
44.0,0.0,1.0,177.0,466.0,1.0,1.0,115.0,0.0,0.6,0.0,2.0,1.0,no,0.16017788159395177,2026-09-06T10:15:22.993123+00:00
72.0,0.0,1.0,188.0,413.0,1.0,0.0,150.0,1.0,4.1,0.0,2.0,1.0,no,0.03607096508161558,2026-09-06T10:15:23.054593+00:00
56.0,1.0,1.0,165.0,196.0,1.0,2.0,194.0,1.0,1.2,2.0,3.0,2.0,no,0.4959520339781902,2026-09-06T10:15:23.115058+00:00
73.0,0.0,0.0,133.0,350.0,0.0,0.0,98.0,0.0,2.9,1.0,0.0,1.0,no,0.16051278310906478,2026-09-06T10:15:23.174957+00:00
59.0,0.0,1.0,181.0,517.0,1.0,2.0,169.0,0.0,6.0,0.0,0.0,1.0,no,0.12555127004630132,2026-09-06T10:15:23.234614+00:00
35.0,1.0,3.0,177.0,203.0,1.0,0.0,176.0,1.0,0.2,2.0,0.0,1.0,yes,0.9448894646429508,2026-09-06T10:15:23.295208+00:00
74.0,0.0,3.0,172.0,315.0,0.0,2.0,99.0,0.0,0.9,1.0,2.0,3.0,no,0.24188016803902898,2026-09-06T10:15:23.355615+00:00
55.0,0.0,0.0,123.0,374.0,0.0,1.0,172.0,0.0,1.9,0.0,0.0,1.0,yes,0.6137084324376887,2026-09-06T10:15:23.416203+00:00
45.0,0.0,2.0,113.0,342.0,0.0,1.0,148.0,0.0,5.8,2.0,0.0,3.0,no,0.2410608269380951,2026-09-06T10:15:23.475549+00:00
35.0,0.0,2.0,131.0,349.0,0.0,0.0,180.0,1.0,5.6,0.0,3.0,3.0,no,0.02933306476873723,2026-09-06T10:15:23.536246+00:00
43.0,1.0,0.0,95.0,153.0,0.0,2.0,74.0,1.0,1.0,1.0,1.0,1.0,no,0.3035051688613944,2026-09-06T10:15:23.596321+00:00
68.0,0.0,3.0,99.0,447.0,0.0,2.0,200.0,1.0,6.1,1.0,1.0,0.0,yes,0.6846213675435925,2026-09-06T10:15:23.656826+00:00
40.0,1.0,0.0,199.0,142.0,1.0,2.0,180.0,1.0,4.7,2.0,3.0,2.0,no,0.04301461742158001,2026-09-06T10:15:23.717923+00:00
36.0,1.0,3.0,175.0,511.0,0.0,1.0,134.0,1.0,3.3,0.0,3.0,3.0,no,0.04476287863238766,2026-09-06T10:15:23.788301+00:00
30.0,0.0,3.0,129.0,261.0,1.0,2.0,99.0,0.0,5.8,1.0,0.0,0.0,no,0.3740533144145746,2026-09-06T10:15:23.849557+00:00
72.0,0.0,3.0,171.0,419.0,1.0,0.0,159.0,1.0,5.5,0.0,3.0,1.0,no,0.04897970997795845,2026-09-06T10:15:23.911364+00:00
66.0,0.0,3.0,119.0,529.0,1.0,2.0,165.0,0.0,2.4,1.0,2.0,2.0,yes,0.6099367054356295,2026-09-06T10:15:23.972384+00:00
54.0,1.0,2.0,191.0,381.0,1.0,0.0,85.0,1.0,4.1,2.0,2.0,2.0,no,0.02327763489806389,2026-09-06T10:15:24.033570+00:00
49.0,0.0,1.0,187.0,494.0,0.0,2.0,167.0,0.0,4.0,0.0,0.0,0.0,no,0.35501173163321353,2026-09-06T10:15:24.094680+00:00
41.0,0.0,1.0,164.0,317.0,1.0,2.0,110.0,1.0,2.0,2.0,2.0,3.0,no,0.05380835887360222,2026-09-06T10:15:24.156074+00:00
47.0,0.0,3.0,152.0,354.0,1.0,0.0,172.0,0.0,1.1,2.0,0.0,3.0,yes,0.8321693035986013,2026-09-06T10:15:24.216454+00:00
46.0,1.0,1.0,123.0,502.0,0.0,0.0,178.0,1.0,2.9,1.0,0.0,2.0,yes,0.5014393038547743,2026-09-06T10:15:24.276919+00:00
30.0,0.0,1.0,175.0,530.0,1.0,0.0,104.0,1.0,1.6,2.0,2.0,0.0,no,0.0971987776317823,2026-09-06T10:15:24.337957+00:00
73.0,0.0,1.0,115.0,215.0,0.0,1.0,197.0,1.0,2.2,2.0,3.0,1.0,yes,0.535044941705138,2026-09-06T10:15:24.397803+00:00
70.0,0.0,2.0,110.0,412.0,0.0,2.0,173.0,1.0,5.9,0.0,3.0,0.0,no,0.14352095125530087,2026-09-06T10:15:24.457536+00:00
77.0,1.0,2.0,124.0,337.0,1.0,0.0,157.0,0.0,2.9,0.0,0.0,0.0,yes,0.8382538274927239,2026-09-06T10:15:24.518114+00:00
56.0,0.0,1.0,149.0,451.0,0.0,2.0,184.0,0.0,4.2,2.0,3.0,3.0,no,0.09161528842948397,2026-09-06T10:15:24.579395+00:00
51.0,1.0,2.0,174.0,239.0,0.0,0.0,169.0,0.0,2.1,1.0,2.0,0.0,yes,0.6903007259465368,2026-09-06T10:15:24.641282+00:00
32.0,1.0,0.0,124.0,524.0,0.0,1.0,72.0,0.0,6.2,0.0,1.0,1.0,no,0.012548402826832217,2026-09-06T10:15:24.701172+00:00
32.0,1.0,1.0,106.0,310.0,0.0,2.0,167.0,0.0,4.1,2.0,0.0,0.0,yes,0.8405920222326657,2026-09-06T10:15:24.762010+00:00
40.0,1.0,0.0,184.0,382.0,0.0,1.0,96.0,1.0,1.2,0.0,1.0,3.0,no,0.032901507484964274,2026-09-06T10:15:24.822542+00:00
50.0,0.0,1.0,177.0,215.0,1.0,2.0,114.0,0.0,0.6,1.0,3.0,3.0,no,0.08535109001414244,2026-09-06T10:15:24.883036+00:00
54.0,1.0,3.0,110.0,410.0,1.0,0.0,88.0,0.0,5.8,1.0,3.0,3.0,no,0.026287948179071034,2026-09-06T10:15:24.945959+00:00
68.0,1.0,3.0,186.0,191.0,0.0,0.0,168.0,1.0,5.9,0.0,0.0,2.0,no,0.23924786701620873,2026-09-06T10:15:25.007489+00:00
70.0,1.0,3.0,132.0,403.0,1.0,0.0,100.0,0.0,3.9,0.0,2.0,0.0,no,0.2839312125200986,2026-09-06T10:15:25.067864+00:00
63.0,1.0,1.0,192.0,154.0,0.0,1.0,178.0,1.0,0.1,2.0,3.0,2.0,no,0.4321855128046659,2026-09-06T10:15:25.128078+00:00
32.0,0.0,3.0,101.0,134.0,1.0,0.0,93.0,1.0,1.4,0.0,1.0,2.0,no,0.3912826489032285,2026-09-06T10:15:25.188633+00:00
40.0,0.0,2.0,200.0,422.0,1.0,0.0,118.0,0.0,5.0,2.0,1.0,1.0,no,0.07102139093336265,2026-09-06T10:15:25.248259+00:00
32.0,1.0,3.0,131.0,146.0,1.0,0.0,197.0,1.0,5.4,2.0,1.0,0.0,yes,0.791745829855144,2026-09-06T10:15:25.308782+00:00
59.0,1.0,1.0,108.0,564.0,1.0,1.0,93.0,0.0,2.8,0.0,1.0,0.0,no,0.2879123156542172,2026-09-06T10:15:25.368984+00:00
35.0,1.0,3.0,94.0,374.0,1.0,1.0,110.0,0.0,2.3,1.0,2.0,2.0,yes,0.5104926037101767,2026-09-06T10:15:25.429543+00:00
38.0,1.0,2.0,190.0,221.0,0.0,2.0,134.0,1.0,1.7,2.0,0.0,2.0,yes,0.5550223918945618,2026-09-06T10:15:25.489916+00:00
52.0,1.0,0.0,96.0,236.0,0.0,2.0,142.0,1.0,0.7,2.0,2.0,2.0,no,0.4879498182942621,2026-09-06T10:15:25.551270+00:00
43.0,0.0,2.0,196.0,361.0,1.0,0.0,194.0,1.0,0.7,0.0,1.0,3.0,no,0.37539130394882975,2026-09-06T10:15:25.611684+00:00
