age,gender,cp,trestbps,chol,fbs,restecg,thalach,exang,oldpeak,slope,ca,thal
74,0,2,99,163,1,2,184,0,4.7,1,0,0
31,1,3,103,557,1,0,174,1,0.7,2,1,1
57,1,1,134,188,1,2,98,1,5.1,0,0,1
63,0,1,199,140,1,0,116,1,1.0,2,2,3
67,0,2,162,187,0,0,92,1,3.3,0,3,0
46,0,1,181,506,0,0,91,1,2.4,2,0,1
48,1,2,198,487,1,0,181,1,1.5,1,2,3
71,0,2,115,207,0,1,102,0,4.0,0,0,3
51,1,2,183,163,0,2,185,1,0.2,1,0,3
62,1,1,144,348,1,2,140,0,4.7,2,0,1
61,0,1,130,529,1,2,124,1,3.3,0,0,3
76,0,3,138,132,0,0,91,1,5.4,0,1,3
38,1,2,186,482,0,1,105,1,3.2,1,2,2
61,0,3,193,197,1,2,93,0,0.2,1,1,1
75,1,2,177,459,1,0,94,0,0.9,0,0,1
61,1,2,175,367,1,0,164,0,4.9,2,1,3
76,1,3,197,460,1,0,144,1,3.1,2,0,2
54,1,1,155,350,1,2,139,1,2.7,0,3,3
48,0,1,198,177,0,1,197,1,2.0,2,2,1
43,1,2,108,479,0,2,195,0,1.8,0,2,2
65,0,3,172,385,0,2,122,0,6.0,2,1,2
61,1,3,117,254,1,2,152,1,2.7,1,1,3
45,0,2,156,230,1,0,170,1,5.5,1,3,2
33,0,0,122,252,1,1,111,0,4.0,2,2,0
32,1,0,174,252,1,1,130,1,5.3,1,3,1
31,1,3,118,459,1,1,147,1,5.3,0,0,2
49,0,2,109,220,1,2,189,1,5.9,1,0,2
68,1,3,143,291,1,0,165,1,4.3,0,2,2
31,1,1,174,239,0,2,197,0,5.0,0,3,0
49,1,2,178,178,0,2,109,1,4.5,2,1,3
76,0,2,184,465,0,0,192,0,3.8,1,0,3
77,1,3,98,384,1,1,71,0,4.4,1,3,1
36,1,3,115,350,1,0,193,0,4.4,2,3,1
70,1,1,126,140,1,1,90,1,0.3,0,3,1
64,1,3,133,128,1,2,181,0,3.2,2,3,2
57,0,1,95,473,0,0,186,1,4.9,2,0,1
67,0,2,192,492,0,1,164,1,1.5,1,2,2
62,1,3,200,364,0,0,190,0,2.9,0,1,1
50,1,3,176,286,1,0,183,1,2.7,0,3,3
59,0,3,197,503,1,1,73,1,2.5,0,0,3
56,0,2,184,414,0,1,140,1,0.8,2,1,1
63,1,1,197,540,1,2,135,1,3.3,2,1,1
62,0,3,129,385,1,0,153,1,2.8,2,1,0
41,0,2,152,349,0,1,108,0,4.1,2,0,0
69,0,0,132,359,0,1,98,1,3.4,0,1,1
32,1,0,95,345,1,1,117,0,0.2,1,3,1
71,0,3,198,373,1,0,80,0,0.2,0,3,1
34,1,3,146,461,1,1,158,1,4.3,0,0,1
29,1,0,111,494,1,0,156,0,4.4,0,2,2
40,0,0,139,232,1,1,104,1,6.0,0,0,0
63,0,1,116,345,0,1,182,1,5.4,2,0,1
39,0,0,147,460,0,0,155,1,2.9,0,2,3
51,1,0,183,237,1,2,73,1,3.9,0,0,0
42,0,0,168,147,0,0,78,0,2.8,1,3,2
47,0,1,94,284,0,2,121,1,1.4,0,3,3
65,1,2,129,313,0,2,92,1,2.3,1,0,0
44,0,1,177,466,1,1,115,0,0.6,0,2,1
72,0,1,188,413,1,0,150,1,4.1,0,2,1
56,1,1,165,196,1,2,194,1,1.2,2,3,2
73,0,0,133,350,0,0,98,0,2.9,1,0,1
59,0,1,181,517,1,2,169,0,6.0,0,0,1
35,1,3,177,203,1,0,176,1,0.2,2,0,1
74,0,3,172,315,0,2,99,0,0.9,1,2,3
55,0,0,123,374,0,1,172,0,1.9,0,0,1
45,0,2,113,342,0,1,148,0,5.8,2,0,3
35,0,2,131,349,0,0,180,1,5.6,0,3,3
43,1,0,95,153,0,2,74,1,1.0,1,1,1
68,0,3,99,447,0,2,200,1,6.1,1,1,0
40,1,0,199,142,1,2,180,1,4.7,2,3,2
36,1,3,175,511,0,1,134,1,3.3,0,3,3
30,0,3,129,261,1,2,99,0,5.8,1,0,0
72,0,3,171,419,1,0,159,1,5.5,0,3,1
66,0,3,119,529,1,2,165,0,2.4,1,2,2
54,1,2,191,381,1,0,85,1,4.1,2,2,2
49,0,1,187,494,0,2,167,0,4.0,0,0,0
41,0,1,164,317,1,2,110,1,2.0,2,2,3
47,0,3,152,354,1,0,172,0,1.1,2,0,3
46,1,1,123,502,0,0,178,1,2.9,1,0,2
30,0,1,175,530,1,0,104,1,1.6,2,2,0
73,0,1,115,215,0,1,197,1,2.2,2,3,1
70,0,2,110,412,0,2,173,1,5.9,0,3,0
77,1,2,124,337,1,0,157,0,2.9,0,0,0
56,0,1,149,451,0,2,184,0,4.2,2,3,3
51,1,2,174,239,0,0,169,0,2.1,1,2,0
32,1,0,124,524,0,1,72,0,6.2,0,1,1
32,1,1,106,310,0,2,167,0,4.1,2,0,0
40,1,0,184,382,0,1,96,1,1.2,0,1,3
50,0,1,177,215,1,2,114,0,0.6,1,3,3
54,1,3,110,410,1,0,88,0,5.8,1,3,3
68,1,3,186,191,0,0,168,1,5.9,0,0,2
70,1,3,132,403,1,0,100,0,3.9,0,2,0
63,1,1,192,154,0,1,178,1,0.1,2,3,2
32,0,3,101,134,1,0,93,1,1.4,0,1,2
40,0,2,200,422,1,0,118,0,5.0,2,1,1
32,1,3,131,146,1,0,197,1,5.4,2,1,0
59,1,1,108,564,1,1,93,0,2.8,0,1,0
35,1,3,94,374,1,1,110,0,2.3,1,2,2
38,1,2,190,221,0,2,134,1,1.7,2,0,2
52,1,0,96,236,0,2,142,1,0.7,2,2,2
43,0,2,196,361,1,0,194,1,0.7,0,1,3
